{
  "compras": [
    {
      "item": "leite",
      "quantidade": 2,
      "id": 3
    },
    {
      "item": "oleo",
      "quantidade": 4,
      "id": 4
    },
    {
      "item": "cacau",
      "quantidade": 3,
      "id": 5
    },
    {
      "item": "vinho",
      "quantidade": 2,
      "id": 6
    },
    {
      "item": "arroz ",
      "quantidade": 10,
      "id": 7
    },
    {
      "item": "feijao",
      "quantidade": 2,
      "id": 8
    },
    {
      "item": "ypioca",
      "quantidade": 5,
      "id": 9
    },
    {
      "item": "campare",
      "quantidade": 3,
      "id": 10
    },
    {
      "item": "creatina",
      "quantidade": 3,
      "id": 12
    },
    {
      "item": "arroz integral",
      "quantidade": 1,
      "id": 13
    }
  ]
}